,train_loss,train_acc,test_loss,test_acc,train_prec,train_rec,train_f1,test_prec,test_rec,test_f1
0,0.5033474140282106,0.8072505384063173,0.3089799303279902,0.9041038525963149,0.8076086956521739,0.8041125541125541,0.8058568329718004,0.8601297764960346,0.9714983713355049,0.9124282982791587
