,train_loss,train_acc,test_loss,test_acc,train_prec,train_rec,train_f1,test_prec,test_rec,test_f1
0,0.42553021394271395,0.8465257879656161,0.24232416442284982,0.9,0.8498355864084765,0.8391053391053391,0.8444363768379017,0.9642857142857143,0.8355048859934854,0.8952879581151832
1,0.18048256869830812,0.9301575931232091,0.1990956173200781,0.9275,0.9324618736383442,0.9264069264069265,0.9294245385450598,0.9341021416803954,0.9234527687296417,0.9287469287469288
2,0.15043147452716665,0.9478868194842407,0.21499606485090528,0.9341666666666667,0.9486994219653179,0.9473304473304474,0.948014440433213,0.9378068739770867,0.9332247557003257,0.9355102040816327
3,0.13479797205191243,0.9494985673352435,0.24034669034260636,0.9266666666666666,0.9514668598333937,0.9476911976911977,0.9495752756190131,0.9148264984227129,0.9446254071661238,0.9294871794871794
4,0.06448127683824166,0.9768982808022922,0.23727506121159725,0.9375,0.9769036448935402,0.9765512265512265,0.9767274039328881,0.9396411092985318,0.9381107491856677,0.9388753056234718
