,train_loss,train_acc,test_loss,test_acc,train_prec,train_rec,train_f1,test_prec,test_rec,test_f1
0,0.3865804118665319,0.8479899497487438,0.22972717437002668,0.9045226130653267,0.8595442659693687,0.8300865800865801,0.8445586346118553,0.8858024691358025,0.9348534201954397,0.9096671949286846
1,0.20283485604983392,0.9226489590811199,0.37691049472800275,0.8806532663316583,0.9267225665329931,0.9170274170274171,0.9218495013599274,0.971028971028971,0.7915309446254072,0.8721399730820997
2,0.15549403956995597,0.9443646805455851,0.31804148463965576,0.8852596314907872,0.9450469992769343,0.943001443001443,0.9440231130371975,0.9613152804642167,0.8094462540716613,0.878868258178603
3,0.1331442538636897,0.9558506819813353,0.31884391457361344,0.9292294807370184,0.955956678700361,0.9552669552669553,0.9556116925297726,0.9199048374306106,0.9446254071661238,0.9321012454801125
4,0.09531636334823793,0.9685929648241206,0.35217489273734964,0.9309045226130653,0.9675909254591285,0.9693362193362194,0.9684627860875833,0.9282836422240129,0.9381107491856677,0.9331713244228432
