train_loss,train_acc,test_loss,test_acc,train_prec,train_rec,train_f1,test_prec,test_rec,test_f1
29.76570500979798,0.7916367552045944,2.041634990237784,0.7709380234505863,0.7888131946934385,0.7936507936507936,0.7912245998921057,0.7844611528822055,0.7646579804560261,0.7744329896907217
